{"fx": 383.7944641113281, "fy": 383.7944641113281, "cx": 322.3056945800781, "cy": 241.67051696777344, "k1": 0.0, "k2": 0.0, "t1": 0.0, "t2": 0.0, "k3": 0.0}